"State","County","Year","Days with AQI","Good Days","Moderate Days","Unhealthy for Sensitive Groups Days","Unhealthy Days","Very Unhealthy Days","Hazardous Days","Max AQI","90th Percentile AQI","Median AQI","Days CO","Days NO2","Days Ozone","Days SO2","Days PM2.5","Days PM10"
"Alabama","Baldwin",2019,26,25,1,0,0,0,0,52,43,31,0,0,0,0,26,0
"Alabama","Clay",2019,24,22,2,0,0,0,0,57,45,27,0,0,0,0,24,0
"Alabama","Colbert",2019,28,28,0,0,0,0,0,50,43,23,0,0,0,0,28,0
"Alabama","DeKalb",2019,68,67,1,0,0,0,0,77,40,31,0,0,52,0,16,0
"Alabama","Etowah",2019,26,25,1,0,0,0,0,59,50,27,0,0,0,0,26,0
"Alabama","Houston",2019,30,26,4,0,0,0,0,61,54,31,0,0,0,0,30,0
"Alabama","Jefferson",2019,32,14,18,0,0,0,0,70,63,52,1,0,1,3,27,0
"Alabama","Madison",2019,90,80,10,0,0,0,0,87,51,36,0,0,25,0,65,0
"Alabama","Mobile",2019,69,59,10,0,0,0,0,71,54,30,0,0,0,2,67,0
"Alabama","Montgomery",2019,69,43,26,0,0,0,0,75,62,46,0,0,0,0,69,0
"Alabama","Morgan",2019,70,65,5,0,0,0,0,64,48,29,0,0,0,0,70,0
"Alabama","Russell",2019,69,59,10,0,0,0,0,66,55,33,0,0,0,0,69,0
"Alabama","Sumter",2019,59,59,0,0,0,0,0,43,34,19,0,0,0,8,51,0
"Alabama","Tuscaloosa",2019,28,27,1,0,0,0,0,54,36,26,0,0,0,0,28,0
"Alaska","Denali ",2019,90,89,1,0,0,0,0,54,46,40,0,0,90,0,0,0
"Arizona","Apache",2019,89,89,0,0,0,0,0,19,15,8,0,0,0,0,3,86
"Arizona","Cochise",2019,90,74,16,0,0,0,0,74,56,44,0,0,75,0,3,12
"Arizona","Coconino",2019,90,83,7,0,0,0,0,61,50,44,0,0,90,0,0,0
"Arizona","Gila",2019,90,43,29,12,6,0,0,187,125,51,0,0,47,43,0,0
"Arizona","La Paz",2019,90,78,12,0,0,0,0,74,54,43,0,0,87,0,3,0
"Arizona","Maricopa",2019,91,50,41,0,0,0,0,92,71,48,1,2,44,0,38,6
"Arizona","Mohave",2019,90,90,0,0,0,0,0,31,17,6,0,0,0,0,0,90
"Arizona","Navajo",2019,90,81,9,0,0,0,0,74,51,41,0,0,90,0,0,0
"Arizona","Pima",2019,91,75,16,0,0,0,0,84,58,43,1,0,70,0,5,15
"Arizona","Pinal",2019,90,75,15,0,0,0,0,90,61,43,0,0,82,0,0,8
"Arizona","Santa Cruz",2019,90,52,37,1,0,0,0,120,68,41,0,0,0,0,67,23
"Arizona","Yavapai",2019,86,83,3,0,0,0,0,58,45,39,0,0,86,0,0,0
"Arizona","Yuma",2019,90,79,11,0,0,0,0,80,51,43,0,0,71,0,13,6
"Arkansas","Arkansas",2019,30,29,1,0,0,0,0,58,46,28,0,0,0,0,30,0
"Arkansas","Ashley",2019,29,28,1,0,0,0,0,55,43,21,0,0,0,0,29,0
"Arkansas","Benton",2019,73,50,23,0,0,0,0,68,60,43,0,0,0,0,73,0
"Arkansas","Clark",2019,56,56,0,0,0,0,0,46,36,28,0,0,56,0,0,0
"Arkansas","Craighead",2019,30,27,3,0,0,0,0,61,53,29,0,0,0,0,30,0
"Arkansas","Crittenden",2019,90,84,6,0,0,0,0,55,48,37,0,2,53,0,35,0
"Arkansas","Garland",2019,30,26,4,0,0,0,0,67,53,23,0,0,0,0,30,0
"Arkansas","Jackson",2019,30,28,2,0,0,0,0,57,47,28,0,0,0,0,30,0
"Arkansas","Newton",2019,90,89,0,1,0,0,0,129,42,34,0,0,90,0,0,0
"Arkansas","Polk",2019,90,82,8,0,0,0,0,67,50,36,0,0,84,0,6,0
"Arkansas","Pulaski",2019,91,70,21,0,0,0,0,74,54,41,1,0,42,0,48,0
"Arkansas","Union",2019,90,83,7,0,0,0,0,59,50,31,0,0,0,0,90,0
"Arkansas","Washington",2019,90,75,15,0,0,0,0,89,59,42,0,0,50,0,40,0
"California","Alameda",2019,60,46,14,0,0,0,0,87,57,38,1,10,25,0,24,0
"California","Amador",2019,31,31,0,0,0,0,0,35,33,27,0,0,31,0,0,0
"California","Butte",2019,57,42,14,1,0,0,0,102,81,33,0,0,3,0,54,0
"California","Calaveras",2019,31,26,5,0,0,0,0,78,54,32,0,0,18,0,13,0
"California","Colusa",2019,78,68,10,0,0,0,0,81,55,25,0,0,12,0,66,0
"California","Contra Costa",2019,59,51,7,0,1,0,0,194,61,36,0,4,33,1,21,0
"California","El Dorado",2019,31,31,0,0,0,0,0,40,38,34,0,0,23,0,0,8
"California","Fresno",2019,90,62,20,8,0,0,0,140,95,43,0,0,53,0,36,1
"California","Glenn",2019,31,24,7,0,0,0,0,71,56,32,0,0,20,0,11,0
"California","Humboldt",2019,91,88,3,0,0,0,0,64,40,29,1,0,66,0,13,11
"California","Imperial",2019,52,27,24,1,0,0,0,144,77,47,0,0,0,0,52,0
"California","Inyo",2019,90,87,3,0,0,0,0,74,47,42,0,0,86,0,0,4
"California","Kern",2019,120,96,15,7,2,0,0,166,81,17,0,0,0,0,85,35
"California","Kings",2019,120,105,13,2,0,0,0,130,54,36,0,0,99,0,12,9
"California","Lake",2019,17,17,0,0,0,0,0,29,23,6,0,0,0,0,12,5
"California","Madera",2019,5,5,0,0,0,0,0,30,30,15,0,0,0,0,5,0
"California","Marin",2019,58,54,4,0,0,0,0,67,47,34,0,3,37,0,18,0
"California","Mariposa",2019,89,80,9,0,0,0,0,67,54,42,0,0,80,0,9,0
"California","Merced",2019,19,13,5,1,0,0,0,116,90,31,0,0,0,0,18,1
"California","Monterey",2019,91,90,1,0,0,0,0,65,44,36,1,0,87,0,3,0
"California","Napa",2019,60,54,6,0,0,0,0,71,52,34,1,0,38,0,21,0
"California","Nevada",2019,88,81,7,0,0,0,0,65,50,41,0,0,74,0,14,0
"California","Placer",2019,59,50,9,0,0,0,0,85,65,34,0,0,17,0,42,0
"California","Plumas",2019,46,19,23,4,0,0,0,138,90,57,0,0,0,0,46,0
"California","Riverside",2019,120,87,26,7,0,0,0,145,71,42,0,0,75,0,3,42
"California","Sacramento",2019,59,43,13,3,0,0,0,116,95,31,0,0,9,0,49,1
"California","San Benito",2019,90,89,1,0,0,0,0,54,44,36,0,0,90,0,0,0
"California","San Bernardino",2019,89,79,9,1,0,0,0,150,51,43,0,0,89,0,0,0
"California","San Francisco",2019,60,53,7,0,0,0,0,79,55,37,1,11,30,0,18,0
"California","San Joaquin",2019,37,16,15,6,0,0,0,137,116,57,1,0,2,0,29,5
"California","San Luis Obispo",2019,90,83,7,0,0,0,0,68,47,37,0,0,43,0,41,6
"California","San Mateo",2019,60,52,8,0,0,0,0,65,53,38,1,1,35,0,23,0
"California","Santa Barbara",2019,91,90,1,0,0,0,0,54,46,40,1,0,88,0,2,0
"California","Santa Clara",2019,60,49,11,0,0,0,0,68,62,37,1,2,33,0,24,0
"California","Santa Cruz",2019,90,86,4,0,0,0,0,61,45,38,0,0,74,0,16,0
"California","Shasta",2019,80,77,3,0,0,0,0,73,47,42,0,0,74,0,5,1
"California","Solano",2019,90,75,15,0,0,0,0,90,59,38,0,1,58,0,31,0
"California","Sonoma",2019,58,56,2,0,0,0,0,80,44,35,1,1,33,0,23,0
"California","Stanislaus",2019,37,23,13,1,0,0,0,103,89,37,1,0,9,0,24,3
"California","Sutter",2019,59,43,14,2,0,0,0,110,82,31,0,0,5,0,54,0
"California","Tehama",2019,8,8,0,0,0,0,0,16,16,5,0,0,0,0,0,8
"California","Trinity",2019,11,8,2,1,0,0,0,113,64,36,0,0,0,0,11,0
"California","Tulare",2019,90,81,6,3,0,0,0,132,56,34,0,0,79,0,11,0
"California","Tuolumne",2019,31,31,0,0,0,0,0,39,36,31,0,0,31,0,0,0
"California","Ventura",2019,90,80,10,0,0,0,0,93,53,40,0,0,75,0,14,1
"California","Yolo",2019,90,79,11,0,0,0,0,83,65,36,0,0,69,0,21,0
"Colorado","Adams",2019,104,60,43,1,0,0,0,132,68,47,0,32,13,0,42,17
"Colorado","Arapahoe",2019,94,80,14,0,0,0,0,84,58,42,0,0,83,0,11,0
"Colorado","Archuleta",2019,89,87,2,0,0,0,0,64,46,11,0,42,44,3,0,0
"Colorado","Boulder",2019,94,68,23,3,0,0,0,119,66,44,0,0,49,0,45,0
"Colorado","Clear Creek",2019,67,66,1,0,0,0,0,54,48,44,0,0,67,0,0,0
"Colorado","Delta",2019,90,85,5,0,0,0,0,67,48,39,0,0,83,0,7,0
"Colorado","Denver",2019,104,47,56,0,1,0,0,153,76,51,0,43,7,0,54,0
"Colorado","Douglas",2019,93,73,19,1,0,0,0,143,61,42,0,0,66,0,27,0
"Colorado","El Paso",2019,93,82,11,0,0,0,0,85,51,43,1,0,79,0,10,3
"Colorado","Fremont",2019,5,5,0,0,0,0,0,29,29,6,0,0,0,0,0,5
"Colorado","Garfield",2019,89,87,2,0,0,0,0,51,44,35,0,0,89,0,0,0
"Colorado","Gunnison",2019,59,58,1,0,0,0,0,51,49,45,0,0,59,0,0,0
"Colorado","Jefferson",2019,90,81,9,0,0,0,0,64,51,44,0,0,90,0,0,0
"Colorado","La Plata",2019,92,86,6,0,0,0,0,71,49,38,1,9,56,0,26,0
"Colorado","Larimer",2019,91,58,32,1,0,0,0,115,71,48,1,0,66,0,24,0
"Colorado","Mesa",2019,90,76,14,0,0,0,0,87,54,43,3,0,63,0,23,1
"Colorado","Montezuma",2019,90,81,9,0,0,0,0,67,51,44,0,0,90,0,0,0
"Colorado","Prowers",2019,25,25,0,0,0,0,0,17,13,8,0,0,0,0,0,25
"Colorado","Pueblo",2019,31,31,0,0,0,0,0,35,31,20,0,0,0,0,28,3
"Colorado","Rio Blanco",2019,59,53,6,0,0,0,0,100,54,43,0,0,52,0,7,0
"Colorado","Routt",2019,24,24,0,0,0,0,0,35,25,9,0,0,0,0,0,24
"Colorado","San Miguel",2019,7,7,0,0,0,0,0,9,9,4,0,0,0,0,0,7
"Colorado","Weld",2019,95,68,25,2,0,0,0,125,70,43,1,0,34,0,60,0
"Connecticut","Windham",2019,59,59,0,0,0,0,0,43,40,35,0,0,59,0,0,0
"Country Of Mexico","BAJA CALIFORNIA NORTE",2019,10,2,4,4,0,0,0,127,127,88,0,0,0,0,0,10
"Country Of Mexico","SONORA",2019,90,83,7,0,0,0,0,93,50,41,0,0,90,0,0,0
"Delaware","Kent",2019,120,98,22,0,0,0,0,83,58,42,0,0,88,0,32,0
"Delaware","New Castle",2019,121,95,26,0,0,0,0,93,60,42,1,4,76,0,40,0
"Delaware","Sussex",2019,120,98,22,0,0,0,0,87,58,41,0,0,78,0,42,0
"District Of Columbia","District of Columbia",2019,120,99,21,0,0,0,0,78,55,32,0,0,0,0,115,5
"Florida","Bay",2019,90,83,7,0,0,0,0,84,49,37,0,0,64,0,26,0
"Florida","Holmes",2019,87,80,7,0,0,0,0,84,50,38,0,0,57,0,30,0
"Florida","Indian River",2019,57,56,1,0,0,0,0,54,43,37,0,0,57,0,0,0
"Florida","Liberty",2019,52,52,0,0,0,0,0,44,40,34,0,0,52,0,0,0
"Florida","Okaloosa",2019,88,82,6,0,0,0,0,84,47,35,0,0,82,0,0,6
"Georgia","Bibb",2019,120,107,13,0,0,0,0,77,51,36,0,0,61,21,38,0
"Georgia","Chatham",2019,120,103,17,0,0,0,0,79,54,41,0,0,53,14,53,0
"Georgia","Chattooga",2019,61,54,7,0,0,0,0,71,51,44,0,0,61,0,0,0
"Georgia","Clarke",2019,119,92,27,0,0,0,0,71,61,40,0,0,61,0,58,0
"Georgia","Clayton",2019,10,8,2,0,0,0,0,54,54,28,0,0,0,0,10,0
"Georgia","Cobb",2019,71,61,10,0,0,0,0,74,51,40,0,0,61,0,10,0
"Georgia","Coffee",2019,10,10,0,0,0,0,0,46,46,18,0,0,0,0,10,0
"Georgia","Columbia",2019,61,52,9,0,0,0,0,74,51,43,0,0,61,0,0,0
"Georgia","Dawson",2019,61,49,11,1,0,0,0,126,64,45,0,0,61,0,0,0
"Georgia","DeKalb",2019,121,100,21,0,0,0,0,67,58,40,1,15,66,0,39,0
"Georgia","Dougherty",2019,54,39,15,0,0,0,0,82,61,35,0,0,0,0,54,0
"Georgia","Douglas",2019,61,58,3,0,0,0,0,61,49,42,0,0,61,0,0,0
"Georgia","Floyd",2019,120,115,5,0,0,0,0,77,34,3,0,0,0,89,31,0
"Georgia","Fulton",2019,121,99,22,0,0,0,0,77,58,39,1,36,59,0,25,0
"Georgia","Glynn",2019,70,62,8,0,0,0,0,74,58,42,0,0,61,0,9,0
"Georgia","Gwinnett",2019,89,59,30,0,0,0,0,93,64,45,0,0,61,0,28,0
"Georgia","Hall",2019,37,30,7,0,0,0,0,60,54,29,0,0,0,0,37,0
"Georgia","Henry",2019,92,85,7,0,0,0,0,67,48,36,0,0,61,0,31,0
"Georgia","Houston",2019,59,44,15,0,0,0,0,72,54,38,0,0,0,0,59,0
"Georgia","Lowndes",2019,109,94,15,0,0,0,0,64,55,36,0,0,0,0,109,0
"Georgia","Murray",2019,61,40,21,0,0,0,0,93,71,46,0,0,61,0,0,0
"Georgia","Muscogee",2019,92,78,14,0,0,0,0,90,55,40,0,0,61,0,31,0
"Georgia","Pike",2019,58,58,0,0,0,0,0,44,40,33,0,0,58,0,0,0
"Georgia","Richmond",2019,120,90,30,0,0,0,0,84,62,44,0,0,56,7,57,0
"Georgia","Rockdale",2019,61,49,12,0,0,0,0,67,58,44,0,0,61,0,0,0
"Georgia","Sumter",2019,61,45,16,0,0,0,0,84,61,44,0,0,61,0,0,0
"Georgia","Walker",2019,59,46,13,0,0,0,0,82,58,35,0,0,0,0,59,0
"Georgia","Washington",2019,9,9,0,0,0,0,0,38,38,18,0,0,0,0,9,0
"Hawaii","Hawaii",2019,89,86,3,0,0,0,0,74,40,3,0,0,0,89,0,0
"Idaho","Bannock",2019,120,120,0,0,0,0,0,50,32,9,0,0,0,0,69,51
"Idaho","Butte",2019,90,88,2,0,0,0,0,64,45,42,0,0,90,0,0,0
"Idaho","Idaho",2019,90,81,9,0,0,0,0,66,51,35,0,0,25,0,65,0
"Idaho","Jerome",2019,89,89,0,0,0,0,0,29,23,10,0,0,0,0,89,0
"Idaho","Nez Perce",2019,6,6,0,0,0,0,0,9,9,7,0,0,0,0,6,0
"Illinois","Adams",2019,31,27,4,0,0,0,0,54,51,44,0,0,31,0,0,0
"Illinois","Champaign",2019,90,71,19,0,0,0,0,73,60,43,0,0,38,0,52,0
"Illinois","Clark",2019,90,90,0,0,0,0,0,47,43,32,0,0,90,0,0,0
"Illinois","Cook",2019,91,39,52,0,0,0,0,87,71,52,1,15,10,0,61,4
"Illinois","DuPage",2019,79,48,31,0,0,0,0,88,65,45,0,0,17,0,62,0
"Illinois","Effingham",2019,31,31,0,0,0,0,0,48,46,43,0,0,31,0,0,0
"Illinois","Hamilton",2019,70,53,17,0,0,0,0,74,55,44,0,0,20,0,50,0
"Illinois","Jersey",2019,88,73,15,0,0,0,0,69,57,43,0,0,21,0,67,0
"Illinois","Jo Daviess",2019,59,58,1,0,0,0,0,64,43,32,0,0,59,0,0,0
"Illinois","Kane",2019,50,40,10,0,0,0,0,79,68,41,0,0,27,0,23,0
"Illinois","La Salle",2019,86,86,0,0,0,0,0,36,4,0,0,0,0,86,0,0
"Illinois","Lake",2019,31,31,0,0,0,0,0,50,46,41,0,0,31,0,0,0
"Illinois","Macon",2019,90,57,33,0,0,0,0,75,61,44,0,0,20,1,69,0
"Illinois","Macoupin",2019,90,90,0,0,0,0,0,47,44,7,0,51,31,8,0,0
"Illinois","Madison",2019,90,44,46,0,0,0,0,99,64,51,0,0,26,0,64,0
"Illinois","McHenry",2019,80,66,14,0,0,0,0,79,55,41,0,0,23,0,57,0
"Illinois","McLean",2019,90,57,33,0,0,0,0,73,63,45,0,0,19,0,71,0
"Illinois","Monroe",2019,90,90,0,0,0,0,0,33,6,1,0,0,0,90,0,0
"Illinois","Peoria",2019,90,64,26,0,0,0,0,71,59,43,0,0,22,0,68,0
"Illinois","Randolph",2019,88,71,17,0,0,0,0,71,53,40,0,0,23,0,65,0
"Illinois","Rock Island",2019,87,62,25,0,0,0,0,77,60,43,0,0,20,0,67,0
"Illinois","Saint Clair",2019,91,59,32,0,0,0,0,72,62,44,2,9,15,0,65,0
"Illinois","Sangamon",2019,86,64,22,0,0,0,0,66,60,43,0,0,22,0,64,0
"Illinois","Tazewell",2019,88,88,0,0,0,0,0,36,10,3,0,0,0,88,0,0
"Illinois","Will",2019,90,56,34,0,0,0,0,80,66,45,0,0,14,0,76,0
"Illinois","Winnebago",2019,83,53,30,0,0,0,0,81,64,46,0,0,18,0,65,0
"Indiana","Allen",2019,59,34,25,0,0,0,0,82,66,45,0,0,5,0,54,0
"Indiana","Bartholomew",2019,90,83,7,0,0,0,0,60,46,35,0,0,61,0,29,0
"Indiana","Boone",2019,87,87,0,0,0,0,0,46,41,32,0,0,87,0,0,0
"Indiana","Brown",2019,90,89,1,0,0,0,0,64,44,33,0,0,90,0,0,0
"Indiana","Carroll",2019,89,89,0,0,0,0,0,46,42,34,0,0,89,0,0,0
"Indiana","Clark",2019,80,74,6,0,0,0,0,62,48,31,0,0,46,0,34,0
"Indiana","Delaware",2019,97,87,10,0,0,0,0,68,52,33,0,0,70,0,27,0
"Indiana","Dubois",2019,39,31,8,0,0,0,0,70,60,29,0,0,0,0,39,0
"Indiana","Elkhart",2019,59,46,13,0,0,0,0,78,56,33,0,0,32,0,27,0
"Indiana","Floyd",2019,59,59,0,0,0,0,0,42,34,28,0,0,58,1,0,0
"Indiana","Greene",2019,79,76,3,0,0,0,0,72,47,31,0,0,45,0,34,0
"Indiana","Hamilton",2019,100,81,19,0,0,0,0,82,56,37,0,0,47,0,53,0
"Indiana","Hendricks",2019,88,88,0,0,0,0,0,50,42,31,0,0,88,0,0,0
"Indiana","Henry",2019,40,34,6,0,0,0,0,63,54,28,0,0,0,0,40,0
"Indiana","Howard",2019,90,80,10,0,0,0,0,79,53,37,0,0,56,0,34,0
"Indiana","Huntington",2019,50,50,0,0,0,0,0,40,34,29,0,0,50,0,0,0
"Indiana","Jackson",2019,59,59,0,0,0,0,0,42,36,29,0,0,59,0,0,0
"Indiana","Knox",2019,59,59,0,0,0,0,0,44,36,30,0,0,59,0,0,0
"Indiana","LaPorte",2019,80,71,9,0,0,0,0,77,53,31,0,0,49,0,31,0
"Indiana","Lake",2019,83,51,32,0,0,0,0,87,66,43,0,0,13,0,69,1
"Indiana","Madison",2019,90,78,12,0,0,0,0,66,53,39,0,0,55,0,35,0
"Indiana","Marion",2019,100,62,38,0,0,0,0,95,68,43,0,0,36,0,64,0
"Indiana","Monroe",2019,79,71,8,0,0,0,0,69,51,30,0,0,0,0,79,0
"Indiana","Morgan",2019,90,89,1,0,0,0,0,58,43,32,0,0,90,0,0,0
"Indiana","Perry",2019,59,59,0,0,0,0,0,42,37,30,0,0,59,0,0,0
"Indiana","Porter",2019,59,49,10,0,0,0,0,67,55,35,0,0,33,0,25,1
"Indiana","Posey",2019,59,59,0,0,0,0,0,43,34,29,0,0,59,0,0,0
"Indiana","Shelby",2019,90,89,1,0,0,0,0,54,42,31,0,0,90,0,0,0
"Indiana","Spencer",2019,40,34,6,0,0,0,0,72,56,28,0,0,0,0,40,0
"Indiana","St. Joseph",2019,80,56,24,0,0,0,0,83,59,40,0,1,8,0,71,0
"Indiana","Sullivan",2019,40,34,6,0,0,0,0,78,52,33,0,0,0,0,40,0
"Indiana","Tippecanoe",2019,59,45,14,0,0,0,0,75,59,38,0,0,0,0,59,0
"Indiana","Vanderburgh",2019,81,69,12,0,0,0,0,70,53,34,0,1,24,0,56,0
"Indiana","Vigo",2019,100,82,18,0,0,0,0,82,55,38,0,0,52,0,48,0
"Indiana","Wabash",2019,49,49,0,0,0,0,0,45,40,33,0,0,49,0,0,0
"Indiana","Warrick",2019,59,59,0,0,0,0,0,43,35,29,0,0,59,0,0,0
"Indiana","Whitley",2019,78,67,11,0,0,0,0,90,52,26,0,0,0,0,78,0
"Iowa","Black Hawk",2019,118,82,36,0,0,0,0,81,64,39,0,0,0,0,118,0
"Iowa","Bremer",2019,59,54,5,0,0,0,0,61,48,42,0,0,59,0,0,0
"Iowa","Cerro Gordo",2019,30,30,0,0,0,0,0,34,22,13,0,0,0,0,0,30
"Iowa","Clinton",2019,119,76,43,0,0,0,0,87,65,44,0,0,36,0,83,0
"Iowa","Harrison",2019,61,58,3,0,0,0,0,71,50,42,0,0,61,0,0,0
"Iowa","Johnson",2019,119,76,43,0,0,0,0,85,67,39,0,0,0,0,119,0
"Iowa","Lee",2019,30,23,7,0,0,0,0,70,67,40,0,0,0,0,30,0
"Iowa","Linn",2019,120,91,29,0,0,0,0,80,64,41,0,0,48,0,72,0
"Iowa","Montgomery",2019,120,89,31,0,0,0,0,74,59,43,0,0,47,0,73,0
"Iowa","Muscatine",2019,120,89,31,0,0,0,0,87,65,34,0,0,0,5,115,0
"Iowa","Palo Alto",2019,119,86,33,0,0,0,0,85,63,44,0,0,44,0,75,0
"Iowa","Polk",2019,121,91,30,0,0,0,0,82,59,42,1,2,70,0,48,0
"Iowa","Pottawattamie",2019,29,18,11,0,0,0,0,70,63,35,0,0,0,0,29,0
"Iowa","Scott",2019,121,66,55,0,0,0,0,87,67,46,1,0,40,0,63,17
"Iowa","Van Buren",2019,118,98,20,0,0,0,0,68,55,41,0,1,49,0,67,1
"Iowa","Woodbury",2019,30,21,9,0,0,0,0,81,72,34,0,0,0,0,30,0
"Kansas","Ford",2019,79,77,2,0,0,0,0,54,24,9,0,0,0,0,0,79
"Kansas","Johnson",2019,87,77,10,0,0,0,0,66,53,38,0,0,51,0,36,0
"Kansas","Leavenworth",2019,88,88,0,0,0,0,0,48,44,32,0,0,88,0,0,0
"Kansas","Neosho",2019,90,64,26,0,0,0,0,72,60,40,0,0,39,0,51,0
"Kansas","Sedgwick",2019,90,83,7,0,0,0,0,62,48,33,0,4,61,0,22,3
"Kansas","Shawnee",2019,90,69,21,0,0,0,0,84,63,42,0,0,39,0,51,0
"Kansas","Sherman",2019,90,90,0,0,0,0,0,32,15,7,0,0,0,0,0,90
"Kansas","Sumner",2019,90,86,4,0,0,0,0,66,48,33,0,3,72,0,15,0
"Kansas","Trego",2019,90,85,5,0,0,0,0,74,46,33,0,0,61,0,29,0
"Kansas","Wyandotte",2019,91,78,12,1,0,0,0,137,57,38,1,4,46,0,40,0
"Kentucky","Bell",2019,5,4,1,0,0,0,0,55,55,26,0,0,0,0,5,0
"Kentucky","Boyd",2019,17,17,0,0,0,0,0,49,43,19,0,0,0,0,11,6
"Kentucky","Campbell",2019,10,8,2,0,0,0,0,59,59,44,0,0,0,0,10,0
"Kentucky","Carter",2019,15,15,0,0,0,0,0,38,32,16,0,0,0,0,10,5
"Kentucky","Christian",2019,6,6,0,0,0,0,0,42,42,25,0,0,0,0,6,0
"Kentucky","Daviess",2019,11,9,2,0,0,0,0,57,54,31,0,0,0,0,11,0
"Kentucky","Edmonson",2019,91,87,4,0,0,0,0,71,47,34,3,0,88,0,0,0
"Kentucky","Fayette",2019,12,10,2,0,0,0,0,58,53,36,0,0,0,0,9,3
"Kentucky","Hardin",2019,11,11,0,0,0,0,0,50,46,33,0,0,0,0,11,0
"Kentucky","Henderson",2019,16,14,2,0,0,0,0,58,51,30,0,0,0,0,11,5
"Kentucky","Livingston",2019,10,10,0,0,0,0,0,17,17,9,0,0,0,0,0,10
"Kentucky","McCracken",2019,16,15,1,0,0,0,0,51,41,30,0,0,0,0,10,6
"Kentucky","Morgan",2019,58,58,0,0,0,0,0,50,43,31,0,0,58,0,0,0
"Kentucky","Perry",2019,6,6,0,0,0,0,0,44,44,27,0,0,0,0,6,0
"Kentucky","Pike",2019,11,11,0,0,0,0,0,38,27,20,0,0,0,0,11,0
"Kentucky","Pulaski",2019,10,10,0,0,0,0,0,50,50,25,0,0,0,0,10,0
"Kentucky","Trigg",2019,59,59,0,0,0,0,0,43,40,31,0,0,59,0,0,0
"Kentucky","Warren",2019,11,10,1,0,0,0,0,51,47,33,0,0,0,0,11,0
"Kentucky","Washington",2019,59,59,0,0,0,0,0,47,41,31,0,0,59,0,0,0
"Louisiana","Ascension",2019,119,104,15,0,0,0,0,84,58,33,0,5,114,0,0,0
"Louisiana","Bossier",2019,120,112,8,0,0,0,0,74,50,34,0,0,111,0,7,2
"Louisiana","Caddo",2019,117,106,11,0,0,0,0,74,50,34,0,0,117,0,0,0
"Louisiana","Calcasieu",2019,120,88,32,0,0,0,0,90,58,43,0,1,60,1,58,0
"Louisiana","East Baton Rouge",2019,121,96,25,0,0,0,0,97,58,41,1,6,77,1,36,0
"Louisiana","Iberville",2019,120,106,14,0,0,0,0,74,51,35,0,0,120,0,0,0
"Louisiana","Jefferson",2019,120,108,12,0,0,0,0,84,51,37,0,6,103,0,11,0
"Louisiana","Lafayette",2019,120,99,21,0,0,0,0,80,56,41,0,0,78,0,42,0
"Louisiana","Lafourche",2019,120,102,18,0,0,0,0,71,54,40,0,0,69,0,51,0
"Louisiana","Livingston",2019,120,97,23,0,0,0,0,97,58,40,0,0,82,0,38,0
"Louisiana","Orleans",2019,121,117,4,0,0,0,0,57,38,25,3,57,0,0,57,4
"Louisiana","Ouachita",2019,117,104,13,0,0,0,0,71,51,36,0,0,117,0,0,0
"Louisiana","Pointe Coupee",2019,116,102,14,0,0,0,0,97,51,36,0,0,116,0,0,0
"Louisiana","St. Bernard",2019,120,80,40,0,0,0,0,87,60,46,0,0,58,6,56,0
"Louisiana","St. Charles",2019,120,117,3,0,0,0,0,71,31,3,0,0,0,120,0,0
"Louisiana","St. James",2019,120,116,4,0,0,0,0,58,47,31,0,0,120,0,0,0
"Louisiana","St. John the Baptist",2019,120,110,10,0,0,0,0,67,48,34,0,0,120,0,0,0
"Louisiana","St. Martin",2019,120,112,8,0,0,0,0,67,49,34,0,0,120,0,0,0
"Louisiana","St. Tammany",2019,120,107,13,0,0,0,0,84,51,36,0,0,102,0,18,0
"Louisiana","West Baton Rouge",2019,120,112,8,0,0,0,0,74,49,33,0,20,100,0,0,0
"Maine","Androscoggin",2019,120,113,7,0,0,0,0,62,46,37,0,0,59,0,61,0
"Maine","Aroostook",2019,90,82,8,0,0,0,0,66,50,36,0,0,36,0,54,0
"Maine","Cumberland",2019,121,103,18,0,0,0,0,78,54,43,1,0,78,0,41,1
"Maine","Hancock",2019,121,116,5,0,0,0,0,59,49,41,3,0,108,0,10,0
"Maine","Kennebec",2019,119,117,2,0,0,0,0,54,47,34,0,53,61,0,5,0
"Maine","Knox",2019,61,61,0,0,0,0,0,50,47,44,0,0,61,0,0,0
"Maine","Oxford",2019,120,112,8,0,0,0,0,68,47,32,0,0,42,0,78,0
"Maine","Penobscot",2019,120,117,3,0,0,0,0,62,46,38,0,0,61,0,59,0
"Maine","Washington",2019,120,119,1,0,0,0,0,51,47,40,0,0,120,0,0,0
"Maine","York",2019,71,67,4,0,0,0,0,58,49,44,0,0,71,0,0,0
"Maryland","Allegany",2019,90,76,9,5,0,0,0,132,72,10,0,0,0,90,0,0
"Maryland","Anne Arundel",2019,80,75,5,0,0,0,0,61,46,7,0,0,30,41,0,9
"Maryland","Baltimore",2019,91,73,18,0,0,0,0,92,55,41,1,9,47,1,33,0
"Maryland","Baltimore (City)",2019,90,75,15,0,0,0,0,98,60,40,0,9,22,0,59,0
"Maryland","Calvert",2019,31,29,2,0,0,0,0,64,50,44,0,0,31,0,0,0
"Maryland","Carroll",2019,31,30,1,0,0,0,0,80,48,42,0,0,31,0,0,0
"Maryland","Cecil",2019,90,73,17,0,0,0,0,81,56,38,0,0,25,0,65,0
"Maryland","Charles",2019,31,27,4,0,0,0,0,71,51,44,0,0,31,0,0,0
"Maryland","Dorchester",2019,90,82,8,0,0,0,0,59,50,39,0,0,79,0,11,0
"Maryland","Frederick",2019,31,29,2,0,0,0,0,71,48,43,0,0,31,0,0,0
"Maryland","Garrett",2019,91,86,5,0,0,0,0,58,48,33,1,0,29,0,61,0
"Maryland","Harford",2019,90,73,17,0,0,0,0,83,59,42,0,0,25,0,65,0
"Maryland","Howard",2019,91,79,12,0,0,0,0,76,53,31,1,46,0,0,44,0
"Maryland","Kent",2019,90,80,10,0,0,0,0,80,53,34,0,0,27,0,63,0
"Maryland","Montgomery",2019,90,83,7,0,0,0,0,74,50,34,0,0,27,0,63,0
"Maryland","Prince George's",2019,91,82,9,0,0,0,0,74,50,39,1,1,61,0,28,0
"Maryland","Washington",2019,90,73,17,0,0,0,0,81,61,40,0,0,23,0,67,0
"Massachusetts","Barnstable",2019,57,57,0,0,0,0,0,43,43,38,0,0,57,0,0,0
"Massachusetts","Berkshire",2019,59,53,6,0,0,0,0,66,51,36,0,0,41,0,18,0
"Massachusetts","Bristol",2019,59,55,4,0,0,0,0,81,44,38,0,0,47,0,12,0
"Massachusetts","Dukes",2019,58,58,0,0,0,0,0,45,43,38,0,0,58,0,0,0
"Massachusetts","Essex",2019,59,56,3,0,0,0,0,65,44,38,0,4,44,0,11,0
"Massachusetts","Franklin",2019,59,47,12,0,0,0,0,87,61,39,0,0,28,0,31,0
"Massachusetts","Hampden",2019,60,45,15,0,0,0,0,83,58,39,1,4,25,0,30,0
"Massachusetts","Hampshire",2019,59,47,12,0,0,0,0,74,55,40,0,1,23,0,35,0
"Massachusetts","Middlesex",2019,59,55,4,0,0,0,0,63,49,37,0,7,39,0,13,0
"Massachusetts","Norfolk",2019,59,59,0,0,0,0,0,40,38,33,0,5,54,0,0,0
"Massachusetts","Plymouth",2019,58,55,3,0,0,0,0,58,46,36,0,0,39,0,19,0
"Massachusetts","Suffolk",2019,60,44,16,0,0,0,0,74,57,41,1,5,9,0,45,0
"Massachusetts","Worcester",2019,60,50,10,0,0,0,0,77,56,40,1,5,23,0,31,0
"Michigan","Bay",2019,1,1,0,0,0,0,0,23,23,23,0,0,0,0,1,0
"Michigan","Chippewa",2019,1,0,1,0,0,0,0,51,51,51,0,0,0,0,1,0
"Michigan","Ingham",2019,1,1,0,0,0,0,0,28,28,28,0,0,0,0,1,0
"Michigan","Kalamazoo",2019,1,1,0,0,0,0,0,25,25,25,0,0,0,0,1,0
"Michigan","Kent",2019,1,1,0,0,0,0,0,25,25,25,0,0,0,0,1,0
"Michigan","Schoolcraft",2019,1,1,0,0,0,0,0,5,5,5,0,0,0,0,1,0
"Michigan","Tuscola",2019,59,59,0,0,0,0,0,49,39,33,0,0,59,0,0,0
"Michigan","Washtenaw",2019,54,54,0,0,0,0,0,44,39,32,0,0,53,0,1,0
"Michigan","Wayne",2019,2,2,0,0,0,0,0,26,26,26,1,0,0,0,1,0
"Michigan","Wexford",2019,47,47,0,0,0,0,0,50,41,35,0,0,47,0,0,0
"Minnesota","Saint Louis",2019,89,85,4,0,0,0,0,58,47,36,0,0,89,0,0,0
"Mississippi","Bolivar",2019,120,95,24,0,0,1,0,277,62,40,0,0,53,0,67,0
"Mississippi","DeSoto",2019,119,103,16,0,0,0,0,61,51,38,0,0,47,0,72,0
"Mississippi","Forrest",2019,120,108,12,0,0,0,0,75,51,31,0,0,0,0,120,0
"Mississippi","Hancock",2019,120,109,11,0,0,0,0,71,50,37,0,0,51,0,69,0
"Mississippi","Harrison",2019,120,105,15,0,0,0,0,67,53,38,0,0,44,0,76,0
"Mississippi","Hinds",2019,121,93,28,0,0,0,0,100,58,42,1,0,69,0,51,0
"Mississippi","Jackson",2019,120,99,21,0,0,0,0,81,54,38,0,1,48,0,71,0
"Mississippi","Lauderdale",2019,61,56,5,0,0,0,0,77,50,43,0,0,61,0,0,0
"Mississippi","Lee",2019,60,53,7,0,0,0,0,84,54,44,0,0,60,0,0,0
"Mississippi","Yalobusha",2019,53,53,0,0,0,0,0,44,37,31,0,0,53,0,0,0
"Missouri","Buchanan",2019,59,46,13,0,0,0,0,67,60,37,0,0,0,0,57,2
"Missouri","Cass",2019,59,54,5,0,0,0,0,64,48,26,0,0,0,0,59,0
"Missouri","Cedar",2019,47,43,4,0,0,0,0,54,45,26,0,0,0,0,47,0
"Missouri","Clay",2019,59,52,7,0,0,0,0,66,52,29,0,0,0,0,59,0
"Missouri","Franklin",2019,90,89,1,0,0,0,0,54,10,1,0,0,0,90,0,0
"Missouri","Greene",2019,59,57,2,0,0,0,0,52,47,21,0,0,0,0,46,13
"Missouri","Iron",2019,59,59,0,0,0,0,0,49,27,4,0,0,0,59,0,0
"Missouri","Jackson",2019,60,45,15,0,0,0,0,81,55,38,1,7,0,0,49,3
"Missouri","Jasper",2019,59,59,0,0,0,0,0,49,40,11,0,0,0,0,0,59
"Missouri","Jefferson",2019,90,84,6,0,0,0,0,58,48,19,0,0,0,36,52,2
"Missouri","Monroe",2019,59,59,0,0,0,0,0,45,39,32,0,0,59,0,0,0
"Missouri","New Madrid",2019,90,7,12,32,39,0,0,200,200,140,0,0,0,90,0,0
"Missouri","Saint Charles",2019,90,90,0,0,0,0,0,26,10,1,0,0,0,90,0,0
"Missouri","Saint Louis",2019,59,41,18,0,0,0,0,68,58,41,0,2,0,0,57,0
"Missouri","St. Louis City",2019,60,31,29,0,0,0,0,76,66,50,1,2,12,0,45,0
"Montana","Cascade",2019,31,31,0,0,0,0,0,38,26,13,0,0,0,0,31,0
"Montana","Fergus",2019,31,31,0,0,0,0,0,42,39,37,0,0,29,0,2,0
"Montana","Flathead",2019,90,84,6,0,0,0,0,86,47,39,0,0,71,0,18,1
"Montana","Gallatin",2019,90,88,2,0,0,0,0,54,38,9,9,46,0,0,35,0
"Montana","Lewis and Clark",2019,42,22,20,0,0,0,0,88,72,45,1,0,13,0,28,0
"Montana","Lincoln",2019,31,8,23,0,0,0,0,90,75,61,0,0,0,0,31,0
"Montana","Missoula",2019,31,6,25,0,0,0,0,88,83,63,0,0,1,0,30,0
"Montana","Phillips",2019,31,31,0,0,0,0,0,39,36,30,0,0,25,0,6,0
"Montana","Powder River",2019,31,31,0,0,0,0,0,42,39,33,0,0,27,0,4,0
"Montana","Ravalli",2019,31,23,8,0,0,0,0,74,57,31,0,0,0,0,31,0
"Montana","Richland",2019,31,30,1,0,0,0,0,54,39,33,0,0,24,0,7,0
"Montana","Rosebud",2019,31,31,0,0,0,0,0,40,36,31,0,0,28,0,3,0
"Montana","Sanders",2019,31,30,1,0,0,0,0,60,43,33,0,0,0,0,25,6
"Montana","Silver Bow",2019,40,23,17,0,0,0,0,91,80,45,0,0,0,0,36,4
"Montana","Yellowstone",2019,31,31,0,0,0,0,0,48,43,25,0,0,0,0,31,0
"Nebraska","Cass",2019,120,120,0,0,0,0,0,46,23,12,0,0,0,0,0,120
"Nebraska","Douglas",2019,91,66,25,0,0,0,0,86,64,39,1,0,29,9,51,1
"Nebraska","Hall",2019,30,26,4,0,0,0,0,60,58,25,0,0,0,0,30,0
"Nebraska","Knox",2019,58,57,1,0,0,0,0,54,42,33,0,0,58,0,0,0
"Nebraska","Lancaster",2019,29,22,7,0,0,0,0,66,60,34,0,0,0,0,29,0
"Nebraska","Sarpy",2019,89,53,36,0,0,0,0,80,67,43,0,0,0,0,89,0
"Nebraska","Scotts Bluff",2019,26,25,1,0,0,0,0,51,35,20,0,0,0,0,26,0
"Nebraska","Washington",2019,25,18,7,0,0,0,0,75,63,33,0,0,0,0,25,0
"Nevada","Washoe",2019,32,19,13,0,0,0,0,65,59,45,1,3,6,0,22,0
"Nevada","White Pine",2019,89,84,5,0,0,0,0,80,46,43,0,0,89,0,0,0
"New Hampshire","Grafton",2019,59,59,0,0,0,0,0,41,39,35,0,0,59,0,0,0
"New Jersey","Atlantic",2019,89,89,0,0,0,0,0,48,44,33,0,0,89,0,0,0
"New Jersey","Bergen",2019,91,91,0,0,0,0,0,48,42,5,61,0,30,0,0,0
"New Jersey","Camden",2019,91,90,1,0,0,0,0,64,43,31,3,0,88,0,0,0
"New Jersey","Cumberland",2019,90,90,0,0,0,0,0,49,44,34,0,0,90,0,0,0
"New Jersey","Essex",2019,91,91,0,0,0,0,0,46,41,31,5,0,86,0,0,0
"New Jersey","Gloucester",2019,30,30,0,0,0,0,0,47,45,39,0,0,30,0,0,0
"New Jersey","Hudson",2019,91,91,0,0,0,0,0,45,39,30,6,0,85,0,0,0
"New Jersey","Hunterdon",2019,84,83,1,0,0,0,0,64,44,34,0,0,84,0,0,0
"New Jersey","Mercer",2019,88,87,1,0,0,0,0,54,44,35,0,0,88,0,0,0
"New Jersey","Middlesex",2019,89,88,1,0,0,0,0,64,44,36,0,0,89,0,0,0
"New Jersey","Monmouth",2019,31,31,0,0,0,0,0,49,46,39,0,0,31,0,0,0
"New Jersey","Morris",2019,90,88,2,0,0,0,0,71,45,36,0,0,86,4,0,0
"New Jersey","Ocean",2019,29,27,2,0,0,0,0,61,48,43,0,0,29,0,0,0
"New Jersey","Passaic",2019,31,30,1,0,0,0,0,51,46,41,0,0,31,0,0,0
"New Jersey","Union",2019,91,91,0,0,0,0,0,17,13,8,91,0,0,0,0,0
"New Jersey","Warren",2019,90,89,1,0,0,0,0,71,41,31,0,0,87,3,0,0
"New Mexico","Bernalillo",2019,7,7,0,0,0,0,0,37,37,23,0,0,0,0,7,0
"New Mexico","Dona Ana",2019,120,98,17,2,0,1,2,630,65,33,0,0,0,0,20,100
"New Mexico","Lea",2019,84,80,3,1,0,0,0,102,49,28,0,0,0,0,84,0
"New Mexico","Luna",2019,120,116,2,1,0,0,1,617,29,9,0,0,0,0,0,120
"New Mexico","San Juan",2019,120,114,6,0,0,0,0,67,49,41,0,1,119,0,0,0
"New Mexico","Sandoval",2019,90,85,5,0,0,0,0,58,50,41,0,0,86,0,3,1
"New York","Albany",2019,91,72,19,0,0,0,0,92,58,41,1,0,46,0,44,0
"New York","Bronx",2019,91,76,15,0,0,0,0,91,54,38,1,33,28,0,29,0
"New York","Chautauqua",2019,90,86,4,0,0,0,0,67,46,38,0,0,89,0,1,0
"New York","Dutchess",2019,90,89,1,0,0,0,0,58,46,37,0,0,90,0,0,0
"New York","Erie",2019,91,79,12,0,0,0,0,69,51,38,1,23,54,0,13,0
"New York","Essex",2019,90,82,8,0,0,0,0,77,50,42,0,0,90,0,0,0
"New York","Franklin",2019,90,90,0,0,0,0,0,1,0,0,0,0,0,90,0,0
"New York","Hamilton",2019,88,88,0,0,0,0,0,49,44,36,0,0,87,1,0,0
"New York","Kings",2019,39,33,6,0,0,0,0,66,62,28,0,0,0,0,39,0
"New York","Monroe",2019,91,88,3,0,0,0,0,58,45,36,1,11,63,0,16,0
"New York","Nassau",2019,90,86,4,0,0,0,0,65,33,1,0,0,0,63,27,0
"New York","New York",2019,91,81,10,0,0,0,0,71,51,35,2,0,56,0,33,0
"New York","Niagara",2019,87,86,1,0,0,0,0,51,44,36,0,0,87,0,0,0
"New York","Oneida",2019,28,26,2,0,0,0,0,55,50,28,0,0,0,0,28,0
"New York","Onondaga",2019,90,85,5,0,0,0,0,64,47,39,0,0,84,1,5,0
"New York","Orange",2019,90,84,6,0,0,0,0,63,47,38,0,0,83,0,7,0
"New York","Oswego",2019,85,84,1,0,0,0,0,67,46,39,0,0,85,0,0,0
"New York","Putnam",2019,90,89,1,0,0,0,0,58,45,37,0,0,88,2,0,0
"New York","Queens",2019,91,78,13,0,0,0,0,86,55,38,1,39,30,0,21,0
"New York","Richmond",2019,69,63,6,0,0,0,0,70,49,36,0,0,44,0,25,0
"New York","Rockland",2019,90,86,4,0,0,0,0,60,45,37,0,0,85,0,5,0
"New York","Saratoga",2019,89,88,1,0,0,0,0,58,44,37,0,0,89,0,0,0
"New York","Seneca",2019,16,5,0,11,0,0,0,115,115,114,0,0,0,16,0,0
"New York","St. Lawrence",2019,90,56,31,3,0,0,0,104,89,37,0,0,0,90,0,0
"New York","Steuben",2019,91,91,0,0,0,0,0,46,16,2,69,0,0,1,21,0
"New York","Suffolk",2019,90,84,6,0,0,0,0,70,48,40,0,2,81,0,7,0
"New York","Tompkins",2019,90,90,0,0,0,0,0,45,41,31,0,0,59,31,0,0
"New York","Wayne",2019,30,27,3,0,0,0,0,58,51,44,0,0,30,0,0,0
"New York","Westchester",2019,90,87,3,0,0,0,0,63,45,35,0,0,85,0,5,0
"North Carolina","Avery",2019,58,58,0,0,0,0,0,45,43,38,0,0,58,0,0,0
"North Carolina","Beaufort",2019,90,90,0,0,0,0,0,13,6,0,0,0,0,90,0,0
"North Carolina","Brunswick",2019,89,82,6,1,0,0,0,101,31,0,0,0,0,89,0,0
"North Carolina","Buncombe",2019,90,81,9,0,0,0,0,67,51,22,0,0,0,3,87,0
"North Carolina","Caldwell",2019,29,29,0,0,0,0,0,1,0,0,0,0,0,29,0,0
"North Carolina","Catawba",2019,86,69,17,0,0,0,0,61,55,27,0,0,0,0,86,0
"North Carolina","Cumberland",2019,90,81,9,0,0,0,0,71,51,28,0,0,0,0,86,4
"North Carolina","Davidson",2019,90,69,21,0,0,0,0,73,55,35,0,0,0,0,90,0
"North Carolina","Durham",2019,90,67,23,0,0,0,0,69,56,42,0,0,0,3,87,0
"North Carolina","Edgecombe",2019,84,84,0,0,0,0,0,46,33,16,0,0,0,0,84,0
"North Carolina","Guilford",2019,90,87,3,0,0,0,0,68,46,21,0,0,0,0,67,23
"North Carolina","Haywood",2019,90,88,1,1,0,0,0,108,27,4,0,0,0,90,0,0
"North Carolina","Jackson",2019,27,27,0,0,0,0,0,36,32,18,0,0,0,0,27,0
"North Carolina","Johnston",2019,85,81,4,0,0,0,0,54,48,24,0,0,0,0,85,0
"North Carolina","Macon",2019,57,57,0,0,0,0,0,44,41,34,0,0,57,0,0,0
"North Carolina","Martin",2019,89,89,0,0,0,0,0,13,10,6,0,0,0,4,0,85
"North Carolina","Mecklenburg",2019,121,90,31,0,0,0,0,71,61,43,1,0,60,0,60,0
"North Carolina","Mitchell",2019,87,84,3,0,0,0,0,59,39,18,0,0,0,0,87,0
"North Carolina","Montgomery",2019,90,83,7,0,0,0,0,58,48,35,0,0,37,0,53,0
"North Carolina","New Hanover",2019,62,62,0,0,0,0,0,49,29,13,0,0,0,0,62,0
"North Carolina","Person",2019,87,86,1,0,0,0,0,92,10,0,0,0,0,87,0,0
"North Carolina","Pitt",2019,89,88,1,0,0,0,0,52,35,21,0,0,0,0,89,0
"North Carolina","Rowan",2019,31,31,0,0,0,0,0,39,37,32,0,0,31,0,0,0
"North Carolina","Swain",2019,85,74,11,0,0,0,0,63,52,30,0,0,0,0,85,0
"North Carolina","Wake",2019,91,58,33,0,0,0,0,69,59,48,1,3,4,0,83,0
"North Dakota","Billings",2019,90,87,3,0,0,0,0,61,48,36,0,0,82,0,8,0
"North Dakota","Burke",2019,90,84,6,0,0,0,0,58,49,35,0,0,75,2,13,0
"North Dakota","Burleigh",2019,91,75,16,0,0,0,0,74,57,33,1,4,49,0,37,0
"North Dakota","Cass",2019,90,75,15,0,0,0,0,74,55,37,0,6,65,0,19,0
"North Dakota","Dunn",2019,90,86,4,0,0,0,0,58,47,35,0,0,79,0,11,0
"North Dakota","McKenzie",2019,90,87,3,0,0,0,0,71,49,35,0,0,80,0,10,0
"North Dakota","Mercer",2019,90,81,9,0,0,0,0,64,52,39,0,0,63,0,27,0
"North Dakota","Oliver",2019,90,79,11,0,0,0,0,71,53,36,0,0,77,0,13,0
"North Dakota","Ward",2019,90,79,11,0,0,0,0,86,51,34,0,2,80,0,8,0
"North Dakota","Williams",2019,90,72,18,0,0,0,0,89,56,39,0,0,53,17,20,0
"Ohio","Adams",2019,90,90,0,0,0,0,0,41,33,20,0,0,0,0,90,0
"Ohio","Allen",2019,90,80,10,0,0,0,0,76,56,35,0,0,22,31,37,0
"Ohio","Ashtabula",2019,90,88,2,0,0,0,0,74,43,1,0,0,31,59,0,0
"Ohio","Athens",2019,30,28,2,0,0,0,0,56,49,28,0,0,0,0,30,0
"Ohio","Belmont",2019,91,85,6,0,0,0,0,64,40,21,7,59,0,0,25,0
"Ohio","Butler",2019,120,99,20,1,0,0,0,107,56,40,0,0,97,2,20,1
"Ohio","Clark",2019,90,56,34,0,0,0,0,79,61,44,0,0,15,3,72,0
"Ohio","Clermont",2019,119,106,13,0,0,0,0,64,51,39,0,0,53,0,66,0
"Ohio","Clinton",2019,60,58,2,0,0,0,0,54,48,43,0,0,60,0,0,0
"Ohio","Columbiana",2019,84,84,0,0,0,0,0,26,9,0,0,0,0,68,0,16
"Ohio","Cuyahoga",2019,91,41,50,0,0,0,0,97,71,52,1,1,13,0,74,2
"Ohio","Delaware",2019,30,27,3,0,0,0,0,54,51,43,0,0,30,0,0,0
"Ohio","Fayette",2019,59,59,0,0,0,0,0,42,37,31,0,0,59,0,0,0
"Ohio","Franklin",2019,121,86,35,0,0,0,0,85,60,45,1,7,28,0,85,0
"Ohio","Gallia",2019,90,88,2,0,0,0,0,66,26,3,0,0,0,90,0,0
"Ohio","Geauga",2019,61,58,3,0,0,0,0,71,50,44,0,0,61,0,0,0
"Ohio","Greene",2019,30,30,0,0,0,0,0,49,44,39,0,0,30,0,0,0
"Ohio","Hamilton",2019,121,60,61,0,0,0,0,78,66,51,1,4,41,0,75,0
"Ohio","Harrison",2019,55,54,1,0,0,0,0,59,32,8,40,0,0,0,14,1
"Ohio","Jefferson",2019,90,38,50,2,0,0,0,123,70,54,0,0,7,1,82,0
"Ohio","Knox",2019,30,28,2,0,0,0,0,51,50,44,0,0,30,0,0,0
"Ohio","Lake",2019,121,114,7,0,0,0,0,61,46,36,1,0,57,0,63,0
"Ohio","Lawrence",2019,90,88,2,0,0,0,0,51,46,32,0,0,27,0,63,0
"Ohio","Licking",2019,30,29,1,0,0,0,0,51,49,44,0,0,30,0,0,0
"Ohio","Lorain",2019,90,70,20,0,0,0,0,71,58,39,0,0,16,0,74,0
"Ohio","Lucas",2019,90,80,10,0,0,0,0,87,58,35,0,0,26,10,54,0
"Ohio","Madison",2019,30,30,0,0,0,0,0,50,49,44,0,0,30,0,0,0
"Ohio","Mahoning",2019,90,78,12,0,0,0,0,67,52,36,0,0,20,1,69,0
"Ohio","Medina",2019,88,63,25,0,0,0,0,78,60,41,0,0,10,0,78,0
"Ohio","Miami",2019,31,31,0,0,0,0,0,48,42,40,0,0,31,0,0,0
"Ohio","Montgomery",2019,91,52,39,0,0,0,0,94,63,45,1,0,14,0,75,1
"Ohio","Morgan",2019,83,83,0,0,0,0,0,21,9,1,0,0,0,83,0,0
"Ohio","Noble",2019,59,59,0,0,0,0,0,42,38,31,0,0,59,0,0,0
"Ohio","Portage",2019,47,41,6,0,0,0,0,66,55,42,0,0,30,0,17,0
"Ohio","Preble",2019,91,74,17,0,0,0,0,68,58,40,1,0,43,0,47,0
"Ohio","Scioto",2019,90,90,0,0,0,0,0,47,33,10,0,0,0,15,22,53
"Ohio","Stark",2019,121,80,41,0,0,0,0,76,64,45,1,0,36,0,84,0
"Ohio","Summit",2019,90,59,30,1,0,0,0,102,64,42,0,0,10,1,79,0
"Ohio","Trumbull",2019,90,73,17,0,0,0,0,71,55,38,0,0,22,0,68,0
"Ohio","Warren",2019,120,104,16,0,0,0,0,76,54,43,0,0,49,0,71,0
"Ohio","Washington",2019,31,31,0,0,0,0,0,50,48,42,0,0,31,0,0,0
"Ohio","Wood",2019,31,31,0,0,0,0,0,46,42,38,0,0,31,0,0,0
"Oklahoma","Canadian",2019,90,85,5,0,0,0,0,71,45,31,0,0,90,0,0,0
"Oklahoma","Carter",2019,90,72,18,0,0,0,0,74,57,38,0,0,24,0,66,0
"Oklahoma","Choctaw",2019,30,28,2,0,0,0,0,54,49,40,0,0,30,0,0,0
"Oklahoma","Cleveland",2019,90,43,47,0,0,0,0,84,68,52,0,0,22,0,68,0
"Oklahoma","Comanche",2019,90,74,16,0,0,0,0,80,55,43,0,0,46,0,44,0
"Oklahoma","Creek",2019,87,81,6,0,0,0,0,71,48,34,0,0,87,0,0,0
"Oklahoma","Custer",2019,90,90,0,0,0,0,0,44,17,8,0,0,0,0,0,90
"Oklahoma","Dewey",2019,90,77,13,0,0,0,0,67,56,41,0,0,50,0,40,0
"Oklahoma","Garfield",2019,90,90,0,0,0,0,0,46,14,0,0,0,0,90,0,0
"Oklahoma","Kay",2019,90,66,23,1,0,0,0,106,61,40,0,0,0,3,87,0
"Oklahoma","Mayes",2019,90,90,0,0,0,0,0,24,14,1,0,0,0,90,0,0
"Oklahoma","Muskogee",2019,90,78,11,1,0,0,0,110,58,18,0,0,0,0,0,90
"Oklahoma","Nowata",2019,90,68,22,0,0,0,0,93,56,39,0,0,47,0,43,0
"Oklahoma","Oklahoma",2019,91,55,36,0,0,0,0,84,64,45,1,0,33,0,56,1
"Oklahoma","Osage",2019,90,84,6,0,0,0,0,74,47,33,0,0,90,0,0,0
"Oklahoma","Pittsburg",2019,90,73,17,0,0,0,0,87,56,39,0,0,57,0,33,0
"Oklahoma","Sequoyah",2019,30,27,3,0,0,0,0,62,51,30,0,0,0,0,30,0
"Oklahoma","Tulsa",2019,91,51,40,0,0,0,0,87,72,49,1,2,29,0,59,0
"Oregon","Lane",2019,90,42,45,3,0,0,0,117,80,52,0,0,0,0,90,0
"Pennsylvania","Adams",2019,47,47,0,0,0,0,0,46,41,32,0,0,47,0,0,0
"Pennsylvania","Allegheny",2019,91,34,48,6,3,0,0,161,86,54,1,0,14,17,59,0
"Pennsylvania","Centre",2019,59,59,0,0,0,0,0,47,43,33,0,0,59,0,0,0
"Pennsylvania","Elk",2019,59,59,0,0,0,0,0,45,41,34,0,0,59,0,0,0
"Pennsylvania","Mercer",2019,58,58,0,0,0,0,0,45,39,32,0,0,58,0,0,0
"Pennsylvania","Somerset",2019,59,59,0,0,0,0,0,41,39,31,0,0,59,0,0,0
"Rhode Island","Kent",2019,58,55,3,0,0,0,0,66,48,40,0,0,27,0,31,0
"Rhode Island","Providence",2019,91,79,12,0,0,0,0,81,52,41,1,31,21,0,37,1
"Rhode Island","Washington",2019,62,60,2,0,0,0,0,51,49,40,0,0,31,0,31,0
"South Carolina","Aiken",2019,40,33,7,0,0,0,0,87,58,44,0,0,40,0,0,0
"South Carolina","Anderson",2019,45,37,8,0,0,0,0,80,61,43,0,0,45,0,0,0
"South Carolina","Berkeley",2019,31,27,4,0,0,0,0,64,54,44,0,0,31,0,0,0
"South Carolina","Charleston",2019,90,81,9,0,0,0,0,97,51,38,0,0,49,0,39,2
"South Carolina","Chesterfield",2019,90,78,12,0,0,0,0,90,61,30,0,0,33,0,57,0
"South Carolina","Colleton",2019,7,7,0,0,0,0,0,32,32,29,0,0,5,0,2,0
"South Carolina","Darlington",2019,46,36,10,0,0,0,0,77,58,43,0,0,46,0,0,0
"South Carolina","Edgefield",2019,90,78,12,0,0,0,0,84,54,39,0,0,61,0,29,0
"South Carolina","Florence",2019,90,85,5,0,0,0,0,61,43,29,0,0,0,0,90,0
"South Carolina","Georgetown",2019,90,89,1,0,0,0,0,52,27,15,0,0,0,0,0,90
"South Carolina","Greenville",2019,90,70,20,0,0,0,0,74,61,41,0,1,57,0,32,0
"South Carolina","Horry",2019,45,32,13,0,0,0,0,74,61,45,0,0,45,0,0,0
"South Carolina","Lexington",2019,90,82,8,0,0,0,0,66,49,21,0,0,0,0,61,29
"South Carolina","Oconee",2019,90,76,14,0,0,0,0,90,58,39,0,0,87,0,3,0
"South Carolina","Pickens",2019,32,18,14,0,0,0,0,93,80,49,0,0,32,0,0,0
"South Carolina","Richland",2019,91,78,13,0,0,0,0,80,54,39,1,0,67,0,23,0
"South Carolina","Spartanburg",2019,90,73,17,0,0,0,0,84,57,41,0,0,40,0,50,0
"South Carolina","York",2019,90,81,9,0,0,0,0,77,54,38,0,0,86,4,0,0
"Tennessee","Anderson",2019,90,81,9,0,0,0,0,77,51,1,0,0,31,59,0,0
"Tennessee","Blount",2019,91,84,7,0,0,0,0,77,49,38,1,0,78,0,12,0
"Tennessee","Claiborne",2019,58,58,0,0,0,0,0,46,40,31,0,0,58,0,0,0
"Tennessee","Davidson",2019,90,74,16,0,0,0,0,64,53,38,0,3,21,0,66,0
"Tennessee","DeKalb",2019,59,58,1,0,0,0,0,51,41,33,0,0,59,0,0,0
"Tennessee","Dyer",2019,85,80,5,0,0,0,0,60,45,26,0,0,0,0,85,0
"Tennessee","Hamilton",2019,120,86,34,0,0,0,0,84,67,43,0,0,51,0,69,0
"Tennessee","Jefferson",2019,31,25,6,0,0,0,0,74,58,44,0,0,31,0,0,0
"Tennessee","Knox",2019,90,73,17,0,0,0,0,71,57,39,0,0,27,0,60,3
"Tennessee","Lawrence",2019,82,79,3,0,0,0,0,54,40,22,0,0,0,0,82,0
"Tennessee","Loudon",2019,90,81,9,0,0,0,0,77,51,31,0,0,25,0,65,0
"Tennessee","Madison",2019,85,83,2,0,0,0,0,53,38,21,0,0,0,0,85,0
"Tennessee","Maury",2019,90,88,2,0,0,0,0,61,46,25,0,0,0,0,90,0
"Tennessee","McMinn",2019,90,81,9,0,0,0,0,57,51,26,0,0,0,0,90,0
"Tennessee","Montgomery",2019,90,83,7,0,0,0,0,63,47,25,0,0,0,0,90,0
"Tennessee","Putnam",2019,90,89,1,0,0,0,0,54,39,21,0,0,0,0,90,0
"Tennessee","Roane",2019,89,82,7,0,0,0,0,71,48,25,0,0,0,0,89,0
"Tennessee","Sevier",2019,90,79,11,0,0,0,0,87,54,42,0,0,90,0,0,0
"Tennessee","Sullivan",2019,90,58,22,10,0,0,0,121,104,46,0,0,19,45,26,0
"Tennessee","Sumner",2019,85,81,4,0,0,0,0,59,45,22,0,0,0,0,85,0
"Tennessee","Williamson",2019,31,27,4,0,0,0,0,64,61,43,0,0,31,0,0,0
"Tennessee","Wilson",2019,26,22,4,0,0,0,0,74,58,44,0,0,26,0,0,0
"Texas","Brewster",2019,86,83,3,0,0,0,0,58,47,38,0,0,86,0,0,0
"Texas","Polk",2019,59,59,0,0,0,0,0,46,39,29,0,0,59,0,0,0
"Texas","Randall",2019,59,59,0,0,0,0,0,46,42,34,0,0,59,0,0,0
"Utah","Box Elder",2019,120,100,18,2,0,0,0,121,63,43,0,7,91,0,22,0
"Utah","Cache",2019,120,95,18,7,0,0,0,137,67,44,0,0,91,0,29,0
"Utah","Carbon",2019,120,108,12,0,0,0,0,74,51,44,0,4,116,0,0,0
"Utah","Davis",2019,120,100,20,0,0,0,0,91,61,42,0,14,86,0,20,0
"Utah","Duchesne",2019,120,59,51,6,4,0,0,177,100,51,0,1,99,0,20,0
"Utah","Garfield",2019,115,105,10,0,0,0,0,80,50,44,0,0,115,0,0,0
"Utah","Iron",2019,120,113,7,0,0,0,0,84,48,42,0,3,113,0,4,0
"Utah","Salt Lake",2019,121,81,37,3,0,0,0,124,75,47,1,12,81,0,27,0
"Utah","San Juan",2019,90,82,8,0,0,0,0,58,50,43,0,0,90,0,0,0
"Utah","Tooele",2019,120,107,13,0,0,0,0,89,54,43,0,0,103,0,17,0
"Utah","Uintah",2019,120,77,40,3,0,0,0,133,80,47,0,0,107,0,13,0
"Utah","Utah",2019,121,98,23,0,0,0,0,81,61,44,1,4,93,0,23,0
"Utah","Washington",2019,120,111,9,0,0,0,0,80,50,43,0,0,120,0,0,0
"Utah","Weber",2019,121,100,20,1,0,0,0,102,63,43,1,22,78,0,20,0
"Virginia","Albemarle",2019,50,43,7,0,0,0,0,67,54,41,0,0,30,0,20,0
"Virginia","Alexandria City",2019,37,37,0,0,0,0,0,16,9,5,0,0,0,0,0,37
"Virginia","Arlington",2019,91,85,6,0,0,0,0,77,47,35,2,49,27,0,13,0
"Virginia","Bristol City",2019,30,27,3,0,0,0,0,68,52,23,0,0,0,0,30,0
"Virginia","Caroline",2019,28,26,2,0,0,0,0,67,50,43,0,0,28,0,0,0
"Virginia","Carroll",2019,20,20,0,0,0,0,0,16,15,6,0,0,0,0,0,20
"Virginia","Charles",2019,90,88,2,0,0,0,0,58,44,19,0,43,30,1,16,0
"Virginia","Chesterfield",2019,48,45,3,0,0,0,0,61,49,39,0,0,30,0,18,0
"Virginia","Fairfax",2019,96,71,25,0,0,0,0,86,59,42,1,19,19,0,52,5
"Virginia","Fauquier",2019,25,24,1,0,0,0,0,64,48,40,0,0,25,0,0,0
"Virginia","Frederick",2019,90,78,12,0,0,0,0,93,55,39,0,0,25,0,65,0
"Virginia","Giles",2019,87,77,10,0,0,0,0,89,56,34,0,0,52,35,0,0
"Virginia","Hampton City",2019,95,93,2,0,0,0,0,57,46,28,1,3,30,0,57,4
"Virginia","Hanover",2019,30,27,3,0,0,0,0,74,51,43,0,0,30,0,0,0
"Virginia","Henrico",2019,96,92,4,0,0,0,0,64,45,34,1,4,74,0,12,5
"Virginia","Hopewell City",2019,20,20,0,0,0,0,0,15,10,6,0,0,0,0,0,20
"Virginia","Loudoun",2019,87,82,5,0,0,0,0,67,47,34,0,41,29,0,17,0
"Virginia","Lynchburg City",2019,23,23,0,0,0,0,0,45,37,20,0,0,0,0,23,0
"Virginia","Madison",2019,87,81,6,0,0,0,0,67,48,39,0,0,85,0,2,0
"Virginia","Norfolk City",2019,96,94,2,0,0,0,0,61,36,21,1,71,0,0,19,5
"Virginia","Prince Edward",2019,57,57,0,0,0,0,0,44,41,31,0,0,57,0,0,0
"Virginia","Prince William",2019,89,88,1,0,0,0,0,67,45,17,0,58,31,0,0,0
"Virginia","Richmond City",2019,91,68,23,0,0,0,0,76,55,36,1,31,0,0,59,0
"Virginia","Roanoke",2019,91,84,7,0,0,0,0,71,48,28,1,11,27,0,52,0
"Virginia","Rockbridge",2019,31,27,4,0,0,0,0,71,54,44,0,0,31,0,0,0
"Virginia","Rockingham",2019,90,83,7,0,0,0,0,65,49,31,0,48,27,0,15,0
"Virginia","Salem City",2019,30,29,1,0,0,0,0,58,46,20,0,0,0,0,30,0
"Virginia","Stafford",2019,46,45,1,0,0,0,0,67,48,40,0,0,31,0,0,15
"Virginia","Suffolk City",2019,31,30,1,0,0,0,0,51,50,43,0,0,31,0,0,0
"Virginia","Virginia Beach City",2019,29,27,2,0,0,0,0,62,43,23,0,0,0,0,29,0
"Virginia","Winchester City",2019,17,17,0,0,0,0,0,23,10,6,0,0,0,0,0,17
"Virginia","Wythe",2019,31,27,4,0,0,0,0,58,51,44,0,0,31,0,0,0
"Washington","Adams",2019,31,31,0,0,0,0,0,37,23,11,0,0,0,0,31,0
"Washington","Asotin",2019,31,17,14,0,0,0,0,72,69,40,0,0,0,0,31,0
"Washington","Benton",2019,31,29,2,0,0,0,0,52,45,25,0,0,0,0,31,0
"Washington","Chelan",2019,31,23,8,0,0,0,0,69,55,40,0,0,0,0,31,0
"Washington","Clallam",2019,31,18,13,0,0,0,0,62,58,49,0,0,5,0,26,0
"Washington","Clark",2019,31,18,12,1,0,0,0,128,62,42,0,0,0,0,31,0
"Washington","Columbia",2019,31,30,1,0,0,0,0,52,32,22,0,0,0,0,31,0
"Washington","Cowlitz",2019,31,25,6,0,0,0,0,76,56,36,0,0,0,0,31,0
"Washington","Franklin",2019,31,31,0,0,0,0,0,49,33,16,0,0,0,0,31,0
"Washington","Garfield",2019,30,30,0,0,0,0,0,32,30,16,0,0,0,0,30,0
"Washington","Grant",2019,31,31,0,0,0,0,0,44,36,21,0,0,0,0,31,0
"Washington","Grays Harbor",2019,31,31,0,0,0,0,0,40,37,23,0,0,0,0,31,0
"Washington","Jefferson",2019,31,30,1,0,0,0,0,51,38,21,0,0,0,0,31,0
"Washington","King",2019,32,18,14,0,0,0,0,87,76,49,1,5,1,0,25,0
"Washington","Kitsap",2019,31,30,1,0,0,0,0,61,31,19,0,0,0,0,31,0
"Washington","Kittitas",2019,31,26,5,0,0,0,0,67,56,36,0,0,0,0,31,0
"Washington","Klickitat",2019,31,31,0,0,0,0,0,49,43,28,0,0,0,0,31,0
"Washington","Lewis",2019,31,24,7,0,0,0,0,62,55,37,0,0,0,0,31,0
"Washington","Mason",2019,31,22,9,0,0,0,0,70,58,30,0,0,0,0,31,0
"Washington","Okanogan",2019,31,5,26,0,0,0,0,87,71,60,0,0,0,0,31,0
"Washington","Pierce",2019,31,14,15,2,0,0,0,142,85,55,0,4,7,0,20,0
"Washington","San Juan",2019,2,2,0,0,0,0,0,39,39,39,0,0,0,0,2,0
"Washington","Skagit",2019,31,30,1,0,0,0,0,53,35,21,0,0,0,0,31,0
"Washington","Snohomish",2019,28,21,7,0,0,0,0,80,73,29,0,0,0,0,28,0
"Washington","Spokane",2019,31,27,4,0,0,0,0,66,56,30,0,0,0,0,31,0
"Washington","Stevens",2019,31,14,17,0,0,0,0,100,66,52,0,0,0,0,29,2
"Washington","Thurston",2019,31,19,12,0,0,0,0,71,66,45,0,0,0,0,31,0
"Washington","Walla Walla",2019,31,30,1,0,0,0,0,53,47,27,0,0,0,0,29,2
"Washington","Whatcom",2019,31,29,2,0,0,0,0,52,46,31,0,0,0,8,23,0
"Washington","Whitman",2019,31,31,0,0,0,0,0,36,28,14,0,0,0,0,31,0
"Washington","Yakima",2019,31,11,20,0,0,0,0,80,75,57,0,0,0,0,31,0
"West Virginia","Berkeley",2019,45,38,7,0,0,0,0,74,63,40,0,0,25,0,20,0
"West Virginia","Brooke",2019,81,72,8,1,0,0,0,112,51,3,0,0,0,51,30,0
"West Virginia","Cabell",2019,47,44,3,0,0,0,0,58,50,36,0,0,25,0,22,0
"West Virginia","Gilmer",2019,57,57,0,0,0,0,0,44,35,30,0,0,57,0,0,0
"West Virginia","Greenbrier",2019,30,26,4,0,0,0,0,67,51,44,0,0,30,0,0,0
"West Virginia","Hancock",2019,30,24,6,0,0,0,0,93,52,29,0,0,0,0,30,0
"West Virginia","Harrison",2019,27,26,1,0,0,0,0,54,45,31,0,0,0,0,27,0
"West Virginia","Kanawha",2019,91,81,10,0,0,0,0,72,53,39,1,0,40,0,50,0
"West Virginia","Marion",2019,26,25,1,0,0,0,0,55,42,32,0,0,0,0,26,0
"West Virginia","Marshall",2019,30,20,10,0,0,0,0,74,60,42,0,0,0,0,30,0
"West Virginia","Mason",2019,87,87,0,0,0,0,0,34,11,1,0,0,0,87,0,0
"West Virginia","Mineral",2019,85,70,5,9,1,0,0,161,102,4,0,0,0,85,0,0
"West Virginia","Monongalia",2019,90,88,2,0,0,0,0,52,43,15,0,0,28,43,19,0
"West Virginia","Ohio",2019,29,24,5,0,0,0,0,64,62,33,0,0,0,0,29,0
"West Virginia","Tucker",2019,59,59,0,0,0,0,0,45,39,32,0,0,59,0,0,0
"West Virginia","Wood",2019,90,87,3,0,0,0,0,60,44,18,0,0,26,45,19,0
"Wisconsin","Ashland",2019,59,56,3,0,0,0,0,70,43,36,0,0,52,0,7,0
"Wisconsin","Brown",2019,59,49,10,0,0,0,0,86,54,22,0,0,0,2,57,0
"Wisconsin","Dane",2019,59,40,19,0,0,0,0,87,68,39,0,0,0,0,59,0
"Wisconsin","Dodge",2019,60,44,16,0,0,0,0,91,60,39,1,0,27,0,32,0
"Wisconsin","Eau Claire",2019,59,47,12,0,0,0,0,81,60,30,0,0,0,0,59,0
"Wisconsin","Forest",2019,58,56,2,0,0,0,0,61,41,35,0,0,53,0,5,0
"Wisconsin","Grant",2019,59,42,17,0,0,0,0,77,67,39,0,0,0,0,59,0
"Wisconsin","Kenosha",2019,59,46,13,0,0,0,0,75,58,35,0,0,3,0,56,0
"Wisconsin","La Crosse",2019,59,45,14,0,0,0,0,81,64,33,0,0,0,0,59,0
"Wisconsin","Milwaukee",2019,60,38,22,0,0,0,0,86,65,45,1,5,13,0,37,4
"Wisconsin","Oneida",2019,59,59,0,0,0,0,0,40,14,0,0,0,0,59,0,0
"Wisconsin","Outagamie",2019,59,49,9,1,0,0,0,119,64,28,0,0,0,1,58,0
"Wisconsin","Ozaukee",2019,59,50,9,0,0,0,0,77,55,28,0,0,0,0,59,0
"Wisconsin","Sauk",2019,59,49,10,0,0,0,0,71,58,26,0,0,0,0,59,0
"Wisconsin","Taylor",2019,59,51,8,0,0,0,0,83,51,34,0,0,36,0,23,0
"Wisconsin","Vilas",2019,56,55,1,0,0,0,0,68,40,14,0,0,0,0,56,0
"Wisconsin","Waukesha",2019,59,40,19,0,0,0,0,90,64,40,0,0,0,0,59,0
"Wyoming","Albany",2019,65,64,1,0,0,0,0,54,49,44,0,0,50,0,12,3
"Wyoming","Campbell",2019,90,88,2,0,0,0,0,56,46,36,0,1,88,0,0,1
"Wyoming","Carbon",2019,87,73,13,1,0,0,0,112,58,45,0,1,86,0,0,0
"Wyoming","Converse",2019,91,85,6,0,0,0,0,74,48,39,1,1,89,0,0,0
"Wyoming","Fremont",2019,90,73,17,0,0,0,0,90,64,45,0,0,79,0,11,0
"Wyoming","Laramie",2019,30,30,0,0,0,0,0,50,29,15,0,0,0,0,28,2
"Wyoming","Lincoln",2019,90,89,1,0,0,0,0,56,30,11,0,0,0,0,0,90
"Wyoming","Natrona",2019,90,80,10,0,0,0,0,74,51,43,0,0,88,1,1,0
"Wyoming","Park",2019,30,30,0,0,0,0,0,39,25,13,0,0,0,0,20,10
"Wyoming","Sheridan",2019,90,86,4,0,0,0,0,83,41,18,0,0,0,0,29,61
"Wyoming","Sublette",2019,90,47,33,7,3,0,0,200,105,50,0,0,88,0,2,0
"Wyoming","Sweetwater",2019,90,73,16,1,0,0,0,133,58,45,0,3,83,0,3,1
"Wyoming","Teton",2019,91,83,8,0,0,0,0,77,49,42,1,0,87,0,3,0
"Wyoming","Uinta",2019,90,73,16,1,0,0,0,101,80,44,0,0,89,0,0,1
